{
  "synthetic": {
    "dataset": "synthetic_sin",
    "linear": {
      "mse": 0.19078858139296923,
      "r2": 0.636233593214705,
      "train_time": 0.006116151809692383
    },
    "mlp": {
      "mse": 0.0340634300648222,
      "r2": 0.9350530756767859,
      "train_time": 0.09266400337219238
    },
    "plot": "outputs/exp1/synthetic/prediction_plot.png"
  },
  "california": {
    "dataset": "california_housing",
    "linear": {
      "mse": 0.5558915986952444,
      "r2": 0.5757877060324508,
      "train_time": 0.004703998565673828
    },
    "mlp": {
      "mse": 0.2829482665673585,
      "r2": 0.784076367557257,
      "train_time": 6.116909027099609
    }
  }
}